timestamp;latitude;longitude;altitude;horizontalAccuracy;verticalAccuracy;speed;course
2018-03-13 21:15:01 +0000;40.702452;-73.984135;25.913151;65.000000;65.000000;-3.600000;-1.000000
2018-03-13 21:15:20 +0000;40.702438;-73.984151;28.514435;50.000000;50.000000;0.000000;251.718750
2018-03-13 21:15:20 +0000;40.702425;-73.984172;29.354584;30.000000;30.000000;1.332000;207.421875
2018-03-13 21:15:37 +0000;40.702373;-73.984281;19.380890;25.000000;25.000000;5.256000;278.789062
2018-03-13 21:15:44 +0000;40.702355;-73.984412;20.954529;25.000000;25.000000;5.220000;270.703125
2018-03-13 21:15:51 +0000;40.702327;-73.984551;18.081909;25.000000;25.000000;9.324000;251.015625
2018-03-13 21:15:56 +0000;40.702300;-73.984664;14.060150;25.000000;25.000000;7.092000;272.812500
2018-03-13 21:16:03 +0000;40.702337;-73.984773;15.728363;25.000000;25.000000;4.572000;261.562500
2018-03-13 21:16:12 +0000;40.702385;-73.984881;14.312653;25.000000;25.000000;5.904000;285.117188
2018-03-13 21:16:19 +0000;40.702404;-73.984992;15.765320;10.000000;10.000000;5.076000;284.414062
2018-03-13 21:16:26 +0000;40.702448;-73.985105;14.511047;25.000000;25.000000;5.616000;277.031250
2018-03-13 21:16:33 +0000;40.702452;-73.985234;14.000580;25.000000;25.000000;5.688000;277.382812
2018-03-13 21:16:40 +0000;40.702454;-73.985357;15.691589;25.000000;25.000000;4.356000;275.976562
2018-03-13 21:16:42 +0000;40.702458;-73.985394;14.279175;10.000000;10.000000;5.724000;279.492188
2018-03-13 21:16:49 +0000;40.702452;-73.985530;15.054138;10.000000;10.000000;5.724000;269.648438
2018-03-13 21:16:57 +0000;40.702468;-73.985655;15.321564;25.000000;25.000000;5.112000;284.765625
2018-03-13 21:17:08 +0000;40.702401;-73.985747;17.504456;25.000000;25.000000;2.376000;319.218750
2018-03-13 21:17:11 +0000;40.702402;-73.985795;16.895203;10.000000;10.000000;4.824000;312.890625
2018-03-13 21:17:18 +0000;40.702372;-73.985921;19.292084;25.000000;25.000000;3.348000;299.179688
2018-03-13 21:17:23 +0000;40.702358;-73.986046;18.390228;25.000000;25.000000;6.516000;284.765625
2018-03-13 21:17:28 +0000;40.702371;-73.986186;20.083618;25.000000;25.000000;6.552000;289.687500
2018-03-13 21:17:33 +0000;40.702382;-73.986330;19.919434;25.000000;25.000000;6.516000;274.921875
2018-03-13 21:17:37 +0000;40.702373;-73.986457;16.021729;25.000000;25.000000;6.516000;270.703125
2018-03-13 21:17:45 +0000;40.702456;-73.986519;18.590851;25.000000;25.000000;5.868000;0.703125
2018-03-13 21:17:55 +0000;40.702531;-73.986611;24.254456;25.000000;25.000000;3.240000;334.687500
2018-03-13 21:17:59 +0000;40.702610;-73.986658;23.197632;10.000000;10.000000;5.796000;2.109375
2018-03-13 21:18:03 +0000;40.702705;-73.986698;24.259338;25.000000;25.000000;5.508000;0.351562
2018-03-13 21:18:06 +0000;40.702794;-73.986720;23.337280;25.000000;25.000000;6.660000;357.539062
2018-03-13 21:18:07 +0000;40.702817;-73.986726;23.004181;10.000000;10.000000;5.688000;10.195312
2018-03-13 21:18:13 +0000;40.702910;-73.986756;21.481537;25.000000;25.000000;4.464000;358.242188
2018-03-13 21:18:18 +0000;40.702999;-73.986732;20.707977;25.000000;25.000000;6.156000;35.156250
2018-03-13 21:18:19 +0000;40.703009;-73.986709;19.840424;10.000000;10.000000;5.004000;53.789062
2018-03-13 21:18:24 +0000;40.703019;-73.986564;19.653442;25.000000;25.000000;6.444000;96.328125
2018-03-13 21:18:28 +0000;40.702982;-73.986457;20.980072;10.000000;10.000000;6.084000;121.640625
2018-03-13 21:18:34 +0000;40.703009;-73.986334;22.117706;25.000000;25.000000;3.312000;55.546875
2018-03-13 21:18:38 +0000;40.703098;-73.986274;20.939270;25.000000;25.000000;6.336000;43.242188
2018-03-13 21:18:43 +0000;40.703090;-73.986143;18.875183;25.000000;25.000000;5.868000;97.031250
2018-03-13 21:18:48 +0000;40.703092;-73.986001;19.778870;25.000000;25.000000;5.688000;100.546875
2018-03-13 21:18:53 +0000;40.703089;-73.985861;18.763519;10.000000;10.000000;6.408000;96.679688
2018-03-13 21:19:00 +0000;40.703090;-73.985723;16.806244;25.000000;25.000000;4.572000;105.117188
2018-03-13 21:19:05 +0000;40.703069;-73.985593;19.317627;25.000000;25.000000;7.632000;107.226562
2018-03-13 21:19:10 +0000;40.703055;-73.985472;20.438934;25.000000;25.000000;5.004000;131.835938
2018-03-13 21:19:15 +0000;40.703033;-73.985362;19.794067;10.000000;10.000000;5.508000;120.585938
2018-03-13 21:19:21 +0000;40.703033;-73.985232;21.678314;25.000000;25.000000;5.868000;96.328125
2018-03-13 21:19:26 +0000;40.703061;-73.985115;22.030365;25.000000;25.000000;5.616000;102.304688
2018-03-13 21:19:33 +0000;40.703073;-73.984993;25.235504;25.000000;25.000000;2.376000;126.914062
2018-03-13 21:19:38 +0000;40.703134;-73.984899;27.609192;25.000000;25.000000;5.076000;36.210938
2018-03-13 21:19:41 +0000;40.703088;-73.984823;25.962189;10.000000;10.000000;8.244000;150.468750
2018-03-13 21:19:44 +0000;40.702982;-73.984792;24.752472;25.000000;25.000000;6.840000;176.484375
2018-03-13 21:19:47 +0000;40.702884;-73.984757;24.675415;25.000000;25.000000;6.336000;178.945312
2018-03-13 21:19:50 +0000;40.702795;-73.984716;24.847137;25.000000;25.000000;6.444000;172.968750
2018-03-13 21:19:54 +0000;40.702689;-73.984663;26.349915;25.000000;25.000000;6.084000;171.562500
2018-03-13 21:19:58 +0000;40.702599;-73.984630;26.938873;25.000000;25.000000;6.336000;177.187500
2018-03-13 21:19:59 +0000;40.702582;-73.984621;26.560181;10.000000;10.000000;6.336000;162.773438
2018-03-13 21:20:04 +0000;40.702497;-73.984574;25.635986;25.000000;25.000000;4.860000;172.265625
2018-03-13 21:20:10 +0000;40.702398;-73.984541;27.224548;25.000000;25.000000;3.888000;144.140625
2018-03-13 21:20:13 +0000;40.702361;-73.984528;27.210815;10.000000;10.000000;4.644000;142.734375
2018-03-13 21:20:23 +0000;40.702330;-73.984416;26.706848;25.000000;25.000000;6.552000;82.968750
2018-03-13 21:20:30 +0000;40.702397;-73.984333;25.481598;25.000000;25.000000;7.020000;85.429688
2018-03-13 21:20:40 +0000;40.702416;-73.984214;25.761963;25.000000;25.000000;5.076000;102.304688
2018-03-13 21:20:44 +0000;40.702374;-73.984167;25.305969;10.000000;10.000000;0.000000;113.203125
2018-03-13 23:50:12 +0000;40.736822;-73.986770;28.897570;65.000000;65.000000;-3.600000;-1.000000
2018-03-13 23:53:05 +0000;40.736835;-73.986782;29.551434;65.000000;65.000000;-3.600000;-1.000000
2018-03-13 23:53:20 +0000;40.736857;-73.986777;32.048218;30.000000;30.000000;1.944000;-1.000000
2018-03-13 23:53:23 +0000;40.737052;-73.987010;34.211945;10.000000;10.000000;2.772000;298.476562
2018-03-13 23:53:26 +0000;40.737018;-73.987186;38.122650;36.105628;36.105628;12.312000;283.359375
2018-03-13 23:53:30 +0000;40.736952;-73.987288;41.697601;30.000000;30.000000;6.696000;242.929688
2018-03-13 23:53:33 +0000;40.736870;-73.987415;46.247253;37.470129;37.470129;9.504000;218.671875
2018-03-13 23:53:35 +0000;40.737178;-73.987120;46.700317;30.000000;30.000000;4.572000;10.195312
2018-03-13 23:53:45 +0000;40.737106;-73.987039;45.445343;44.284129;44.284129;0.900000;85.429688
2018-03-13 23:53:51 +0000;40.737007;-73.987032;47.150970;34.769042;34.769042;0.972000;267.890625
2018-03-13 23:53:58 +0000;40.736945;-73.986936;37.755249;38.513624;38.513624;3.996000;8.789062
2018-03-13 23:54:05 +0000;40.736862;-73.986870;38.113312;30.000000;30.000000;2.520000;118.476562
2018-03-13 23:54:13 +0000;40.736819;-73.986758;36.694733;30.000000;30.000000;4.572000;99.140625
2018-03-13 23:54:19 +0000;40.736815;-73.986638;37.337891;100.000000;100.000000;-3.600000;-1.000000
2018-03-13 23:54:28 +0000;40.736802;-73.986514;37.181404;201.686799;201.686799;1.230435;-1.000000
2018-03-13 23:54:40 +0000;40.736847;-73.986726;30.170750;65.000000;65.000000;-3.600000;-1.000000
2018-03-13 23:54:46 +0000;40.736855;-73.986745;32.010956;30.000000;30.000000;1.008000;287.226562
2018-03-13 23:54:51 +0000;40.736860;-73.986868;30.049530;25.000000;25.000000;2.736000;292.148438
2018-03-13 23:55:10 +0000;40.736952;-73.986880;33.041382;25.000000;25.000000;1.836000;341.015625
2018-03-13 23:55:16 +0000;40.736964;-73.986787;29.201080;10.000000;10.000000;1.836000;145.898438
2018-03-13 23:55:22 +0000;40.736924;-73.986669;19.530518;25.000000;25.000000;3.960000;122.343750
2018-03-13 23:55:28 +0000;40.736854;-73.986578;23.539886;25.000000;25.000000;3.888000;155.390625
2018-03-13 23:55:33 +0000;40.736823;-73.986440;19.119720;25.000000;25.000000;4.824000;118.125000
2018-03-13 23:55:38 +0000;40.736798;-73.986316;21.740570;25.000000;25.000000;4.104000;111.445312
2018-03-13 23:55:42 +0000;40.736813;-73.986196;17.955200;25.000000;25.000000;4.464000;109.335938
2018-03-13 23:55:47 +0000;40.736810;-73.986076;16.630432;25.000000;25.000000;4.392000;124.804688
2018-03-13 23:55:53 +0000;40.736808;-73.985957;17.216644;25.000000;25.000000;4.572000;164.531250
2018-03-13 23:56:02 +0000;40.736833;-73.985830;17.221008;25.000000;25.000000;2.412000;160.664062
2018-03-13 23:56:12 +0000;40.736814;-73.985711;17.283081;25.000000;25.000000;2.412000;130.078125
2018-03-13 23:56:23 +0000;40.736779;-73.985595;17.113708;25.000000;25.000000;2.268000;129.726562
2018-03-13 23:56:31 +0000;40.736734;-73.985487;15.665649;25.000000;25.000000;4.428000;118.828125
2018-03-13 23:56:38 +0000;40.736664;-73.985409;18.353546;25.000000;25.000000;4.320000;124.804688
2018-03-13 23:56:47 +0000;40.736658;-73.985284;18.213348;25.000000;25.000000;3.780000;101.953125
2018-03-13 23:56:56 +0000;40.736604;-73.985171;18.595428;25.000000;25.000000;4.644000;119.882812
2018-03-13 23:57:05 +0000;40.736568;-73.985048;20.647644;25.000000;25.000000;4.572000;120.937500
2018-03-13 23:57:12 +0000;40.736486;-73.984974;23.802673;25.000000;25.000000;4.320000;160.312500
2018-03-13 23:57:25 +0000;40.736525;-73.984862;23.674927;25.000000;25.000000;4.572000;15.820312
2018-03-13 23:57:26 +0000;40.736537;-73.984863;23.941254;10.000000;10.000000;4.176000;7.382812
2018-03-13 23:57:48 +0000;40.736631;-73.984831;24.424805;25.000000;25.000000;3.600000;14.062500
2018-03-13 23:57:58 +0000;40.736707;-73.984762;23.184204;25.000000;25.000000;1.980000;68.906250
2018-03-13 23:58:10 +0000;40.736777;-73.984686;26.656036;25.000000;25.000000;1.152000;13.007812
2018-03-13 23:58:12 +0000;40.736790;-73.984660;28.396484;10.000000;10.000000;3.132000;38.671875
2018-03-13 23:58:22 +0000;40.736870;-73.984574;27.541229;25.000000;25.000000;4.176000;33.046875
2018-03-13 23:58:28 +0000;40.736963;-73.984580;27.276764;25.000000;25.000000;2.556000;17.226562
2018-03-13 23:58:37 +0000;40.737053;-73.984615;26.713226;25.000000;25.000000;3.744000;17.578125
2018-03-13 23:58:38 +0000;40.737060;-73.984601;26.628571;10.000000;10.000000;3.744000;53.085938
2018-03-13 23:58:47 +0000;40.737148;-73.984561;27.357574;25.000000;25.000000;3.096000;324.843750
2018-03-13 23:58:56 +0000;40.737174;-73.984511;26.542633;10.000000;10.000000;0.000000;242.226562
2018-03-13 23:59:07 +0000;40.737244;-73.984432;27.077423;25.000000;25.000000;3.024000;22.500000
2018-03-13 23:59:13 +0000;40.737343;-73.984413;26.714417;25.000000;25.000000;3.852000;339.960938
2018-03-13 23:59:21 +0000;40.737435;-73.984393;28.170654;25.000000;25.000000;1.908000;242.226562
2018-03-13 23:59:26 +0000;40.737475;-73.984335;28.334595;10.000000;10.000000;2.772000;359.296875
2018-03-13 23:59:36 +0000;40.737565;-73.984363;30.095245;25.000000;25.000000;2.448000;297.421875
2018-03-13 23:59:45 +0000;40.737658;-73.984386;29.997559;25.000000;25.000000;1.764000;318.164062
2018-03-13 23:59:55 +0000;40.737753;-73.984410;28.312195;25.000000;25.000000;0.684000;333.281250
2018-03-14 00:00:06 +0000;40.737833;-73.984480;28.407806;25.000000;25.000000;2.700000;333.281250
2018-03-14 00:00:15 +0000;40.737893;-73.984587;26.432922;25.000000;25.000000;2.592000;304.453125
2018-03-14 00:00:22 +0000;40.737935;-73.984703;26.130341;10.000000;10.000000;4.104000;267.539062
2018-03-14 00:00:29 +0000;40.737961;-73.984834;24.721497;25.000000;25.000000;3.600000;301.289062
2018-03-14 00:00:35 +0000;40.737977;-73.984927;23.488861;10.000000;10.000000;1.944000;301.289062
2018-03-14 00:00:44 +0000;40.738018;-73.985041;21.700775;25.000000;25.000000;3.168000;297.773438
2018-03-14 00:00:47 +0000;40.738025;-73.985075;19.717010;10.000000;10.000000;0.612000;298.125000
2018-03-14 00:00:58 +0000;40.738061;-73.985185;18.556488;25.000000;25.000000;1.836000;298.125000
2018-03-14 00:01:07 +0000;40.738098;-73.985301;19.667542;25.000000;25.000000;0.864000;298.125000
2018-03-14 00:01:15 +0000;40.738142;-73.985406;21.733826;25.000000;25.000000;3.060000;288.281250
2018-03-14 00:01:25 +0000;40.738186;-73.985512;19.826202;25.000000;25.000000;2.268000;288.632812
2018-03-14 00:01:33 +0000;40.738209;-73.985629;20.380371;25.000000;25.000000;2.916000;288.281250
2018-03-14 00:01:41 +0000;40.738240;-73.985753;21.585358;25.000000;25.000000;2.880000;287.578125
2018-03-14 00:01:50 +0000;40.738284;-73.985865;23.510284;25.000000;25.000000;3.564000;286.875000
2018-03-14 00:01:53 +0000;40.738299;-73.985889;25.320465;10.000000;10.000000;0.972000;286.875000
2018-03-14 00:02:02 +0000;40.738354;-73.985992;23.940338;25.000000;25.000000;2.016000;307.617188
2018-03-14 00:02:12 +0000;40.738424;-73.986052;24.361938;10.000000;10.000000;0.612000;307.968750
2018-03-14 00:02:39 +0000;40.738496;-73.986139;29.692017;25.000000;25.000000;2.988000;281.953125
2018-03-14 00:02:49 +0000;40.738464;-73.986250;29.116211;25.000000;25.000000;2.556000;282.656250
2018-03-14 00:02:56 +0000;40.738383;-73.986311;30.352661;25.000000;25.000000;0.540000;281.953125
2018-03-14 00:03:04 +0000;40.738319;-73.986413;30.648804;25.000000;25.000000;1.620000;207.070312
2018-03-14 00:03:11 +0000;40.738252;-73.986493;31.616150;25.000000;25.000000;2.196000;207.070312
2018-03-14 00:03:19 +0000;40.738184;-73.986575;33.274841;25.000000;25.000000;1.512000;207.070312
2018-03-14 00:03:27 +0000;40.738113;-73.986654;31.044952;25.000000;25.000000;1.764000;210.585938
2018-03-14 00:03:34 +0000;40.738036;-73.986724;28.849884;25.000000;25.000000;4.212000;179.648438
2018-03-14 00:03:43 +0000;40.737964;-73.986650;24.920929;25.000000;25.000000;3.888000;127.617188
2018-03-14 00:03:51 +0000;40.737907;-73.986552;21.984558;25.000000;25.000000;1.944000;127.968750
2018-03-14 00:04:06 +0000;40.737862;-73.986448;22.914612;25.000000;25.000000;0.756000;128.320312
2018-03-14 00:04:11 +0000;40.737828;-73.986391;24.795990;10.000000;10.000000;3.240000;105.468750
2018-03-14 00:04:27 +0000;40.737736;-73.986339;26.640961;10.000000;10.000000;0.756000;106.171875
2018-03-14 00:04:35 +0000;40.737660;-73.986245;25.457336;25.000000;25.000000;6.984000;166.289062
2018-03-14 00:04:47 +0000;40.737572;-73.986290;25.057892;25.000000;25.000000;3.780000;196.875000
2018-03-14 00:04:55 +0000;40.737484;-73.986328;25.231659;25.000000;25.000000;8.136000;169.101562
2018-03-14 00:05:02 +0000;40.737389;-73.986349;26.610931;25.000000;25.000000;2.916000;191.953125
2018-03-14 00:05:10 +0000;40.737298;-73.986406;27.045593;25.000000;25.000000;3.168000;214.101562
2018-03-14 00:05:15 +0000;40.737237;-73.986410;27.436432;10.000000;10.000000;4.356000;188.085938
2018-03-14 00:05:22 +0000;40.737142;-73.986407;25.046234;25.000000;25.000000;3.420000;164.882812
2018-03-14 00:05:29 +0000;40.737062;-73.986467;26.848267;25.000000;25.000000;4.788000;205.312500
2018-03-14 00:05:35 +0000;40.737022;-73.986525;26.127747;10.000000;10.000000;3.060000;157.851562
2018-03-14 00:05:49 +0000;40.736928;-73.986492;26.647919;25.000000;25.000000;2.340000;133.242188
2018-03-14 00:05:59 +0000;40.736847;-73.986576;25.990601;25.000000;25.000000;5.040000;226.406250
2018-03-14 00:06:14 +0000;40.736848;-73.986697;26.558105;25.000000;25.000000;1.116000;279.492188
2018-03-14 11:39:44 +0000;40.736866;-73.986781;29.113699;65.000000;65.000000;-3.600000;-1.000000
2018-03-14 11:39:49 +0000;40.736876;-73.986771;28.740976;65.000000;65.000000;-3.600000;-1.000000
2018-03-14 11:39:56 +0000;40.736878;-73.986926;31.595001;50.000000;50.000000;-3.600000;-1.000000
2018-03-14 11:40:42 +0000;40.736814;-73.986768;29.474854;65.000000;65.000000;-3.600000;-1.000000
2018-03-14 11:41:01 +0000;40.736804;-73.986588;29.858505;65.000000;65.000000;-3.600000;-1.000000
2018-03-14 11:41:30 +0000;40.736942;-73.986858;33.028900;30.000000;30.000000;-3.600000;-1.000000
2018-03-14 11:41:34 +0000;40.736857;-73.986931;30.949646;25.000000;25.000000;-3.600000;-1.000000
2018-03-14 11:41:37 +0000;40.736774;-73.987006;17.477570;25.000000;25.000000;5.580000;220.078125
2018-03-14 11:41:42 +0000;40.736676;-73.987028;-7.541992;10.000000;10.000000;3.528000;147.656250
2018-03-14 11:41:50 +0000;40.736603;-73.986947;-23.635193;30.000000;30.000000;5.400000;102.656250
2018-03-14 11:41:55 +0000;40.736493;-73.987016;-22.879181;30.000000;30.000000;9.972000;206.718750
2018-03-14 11:42:02 +0000;40.736403;-73.987012;-25.905457;30.000000;30.000000;8.100000;142.382812
2018-03-14 11:42:12 +0000;40.736440;-73.986902;13.893219;25.000000;25.000000;3.672000;19.687500
2018-03-14 11:42:32 +0000;40.736508;-73.986918;10.254059;10.000000;10.000000;0.648000;156.796875
2018-03-14 11:42:40 +0000;40.736577;-73.987004;-2.875061;25.000000;25.000000;2.628000;253.476562
2018-03-14 11:42:46 +0000;40.736646;-73.987091;18.724945;25.000000;25.000000;1.512000;327.656250
2018-03-14 11:42:53 +0000;40.736671;-73.987217;17.432037;25.000000;25.000000;2.016000;281.601562
2018-03-14 11:42:56 +0000;40.736637;-73.987331;6.772491;30.000000;30.000000;10.908000;246.445312
2018-03-14 11:42:59 +0000;40.736604;-73.987448;14.645660;30.000000;30.000000;6.084000;249.960938
2018-03-14 11:43:03 +0000;40.736518;-73.987531;3.855896;30.000000;30.000000;5.400000;215.859375
2018-03-14 11:43:10 +0000;40.736573;-73.987643;8.254211;30.000000;30.000000;6.156000;318.164062
2018-03-14 11:43:13 +0000;40.736639;-73.987749;16.202911;35.378069;35.378069;6.984000;311.132812
2018-03-14 11:43:15 +0000;40.736732;-73.987892;10.685730;32.989826;32.989826;14.796000;312.187500
2018-03-14 11:43:18 +0000;40.736804;-73.987999;5.183655;25.000000;25.000000;12.708000;313.242188
2018-03-14 11:43:31 +0000;40.736746;-73.988096;1.873962;25.000000;25.000000;2.772000;265.781250
2018-03-14 11:43:40 +0000;40.736818;-73.988174;4.102905;30.000000;30.000000;1.512000;299.179688
2018-03-14 11:43:49 +0000;40.736837;-73.988291;14.452148;30.000000;30.000000;2.340000;168.398438
2018-03-14 11:44:01 +0000;40.736885;-73.988392;16.310120;30.000000;30.000000;2.124000;251.015625
2018-03-14 11:44:26 +0000;40.736948;-73.988468;10.683441;10.000000;10.000000;1.656000;59.414062
2018-03-14 11:44:42 +0000;40.736998;-73.988354;30.629974;50.000000;50.000000;4.392000;69.960938
2018-03-14 11:44:47 +0000;40.737015;-73.988285;31.211823;30.000000;30.000000;4.896000;79.453125
2018-03-14 11:44:52 +0000;40.736999;-73.988407;30.963715;50.000000;50.000000;1.764000;261.210938
2018-03-14 11:46:28 +0000;40.737038;-73.988513;28.601562;65.000000;65.000000;-3.600000;-1.000000
2018-03-14 11:46:34 +0000;40.736994;-73.988373;28.551418;65.000000;65.000000;-3.600000;-1.000000
2018-03-14 11:46:52 +0000;40.737052;-73.988522;28.700768;65.000000;65.000000;-3.600000;-1.000000
2018-03-14 11:46:58 +0000;40.737084;-73.988703;28.757521;65.000000;65.000000;-3.600000;-1.000000
2018-03-14 11:47:04 +0000;40.737139;-73.988819;32.014374;50.000000;50.000000;9.000000;298.476562
2018-03-14 11:47:10 +0000;40.737133;-73.988786;32.769806;30.000000;30.000000;2.700000;278.789062
2018-03-14 11:47:39 +0000;40.737063;-73.988697;30.375671;30.000000;30.000000;3.708000;355.078125
2018-03-14 11:47:48 +0000;40.737013;-73.988594;29.575287;30.000000;30.000000;0.648000;69.609375
2018-03-14 11:47:54 +0000;40.737076;-73.988683;29.920593;30.000000;30.000000;0.792000;304.804688
2018-03-14 11:48:49 +0000;40.737141;-73.988590;12.145996;25.000000;25.000000;1.260000;86.132812
2018-03-14 11:49:04 +0000;40.737126;-73.988465;22.545441;30.000000;30.000000;5.364000;133.945312
2018-03-14 11:49:07 +0000;40.737028;-73.988379;20.023163;30.000000;30.000000;9.612000;137.812500
2018-03-14 11:49:11 +0000;40.736942;-73.988309;18.297913;30.000000;30.000000;7.164000;150.820312
2018-03-14 11:49:17 +0000;40.736909;-73.988192;18.255310;30.000000;30.000000;5.220000;130.781250
2018-03-14 11:49:21 +0000;40.736945;-73.988064;23.361359;25.000000;25.000000;5.328000;93.867188
2018-03-14 11:49:25 +0000;40.736982;-73.987955;22.768280;25.000000;25.000000;4.644000;85.078125
2018-03-14 11:49:31 +0000;40.737020;-73.987839;23.793396;25.000000;25.000000;2.700000;113.906250
2018-03-14 11:49:37 +0000;40.736956;-73.987741;19.630005;25.000000;25.000000;3.240000;117.070312
2018-03-14 11:49:44 +0000;40.736870;-73.987690;13.642456;25.000000;25.000000;2.844000;117.421875
2018-03-14 11:49:50 +0000;40.736816;-73.987587;18.465485;25.000000;25.000000;5.328000;117.773438
2018-03-14 11:49:59 +0000;40.736774;-73.987475;20.152679;30.000000;30.000000;2.340000;121.289062
2018-03-14 11:50:13 +0000;40.736756;-73.987347;18.729401;25.000000;25.000000;4.248000;118.125000
2018-03-14 11:50:18 +0000;40.736700;-73.987225;24.005463;25.000000;25.000000;5.652000;108.632812
2018-03-14 11:50:22 +0000;40.736644;-73.987124;16.888855;25.000000;25.000000;5.220000;114.257812
2018-03-14 11:50:34 +0000;40.736658;-73.987006;13.309448;25.000000;25.000000;4.176000;32.343750
2018-03-14 11:50:44 +0000;40.736682;-73.986891;12.002930;25.000000;25.000000;5.328000;82.617188
2018-03-14 11:50:54 +0000;40.736774;-73.986868;20.082001;25.000000;25.000000;4.104000;354.726562
2018-03-14 11:51:06 +0000;40.736867;-73.986831;19.640198;25.000000;25.000000;4.212000;38.671875
2018-03-14 11:51:44 +0000;40.736935;-73.986922;20.480957;45.082876;45.082876;1.116000;30.234375
2018-03-14 12:59:28 +0000;40.737035;-73.987102;32.516083;30.000000;30.000000;0.000000;-1.000000
2018-03-14 12:59:32 +0000;40.736984;-73.987068;33.057800;10.000000;10.000000;0.000000;-1.000000
2018-03-14 12:59:49 +0000;40.736910;-73.986985;33.130676;30.000000;30.000000;5.544000;178.242188
2018-03-14 12:59:54 +0000;40.736826;-73.986919;32.466125;30.000000;30.000000;5.688000;153.281250
2018-03-14 12:59:57 +0000;40.736804;-73.986801;32.753662;50.000000;50.000000;7.740000;120.585938
2018-03-14 13:00:01 +0000;40.736775;-73.986676;32.817017;100.000000;100.000000;-3.600000;-1.000000
2018-03-14 13:00:13 +0000;40.737057;-73.986709;32.972652;200.000000;200.000000;3.802720;-1.000000
2018-03-14 13:00:14 +0000;40.736997;-73.986800;34.258057;50.000000;50.000000;1.476000;26.015625
2018-03-14 13:00:23 +0000;40.737019;-73.986844;48.365509;38.477327;38.477327;3.240000;17.578125
2018-03-14 13:00:25 +0000;40.737096;-73.986783;57.901489;25.000000;25.000000;3.528000;16.171875
2018-03-14 13:00:28 +0000;40.737177;-73.986720;57.768127;25.000000;25.000000;3.456000;23.554688
2018-03-14 13:00:39 +0000;40.737234;-73.986636;54.419006;10.000000;10.000000;0.576000;23.554688
2018-03-14 13:00:54 +0000;40.737301;-73.986543;50.347717;25.000000;25.000000;3.456000;28.125000
2018-03-14 13:01:04 +0000;40.737387;-73.986495;46.903656;25.000000;25.000000;3.384000;34.453125
2018-03-14 13:01:28 +0000;40.737474;-73.986462;29.887238;25.000000;25.000000;2.880000;20.390625
2018-03-14 13:01:30 +0000;40.737508;-73.986465;29.405243;10.000000;10.000000;4.248000;33.398438
2018-03-14 13:01:39 +0000;40.737603;-73.986481;25.780823;25.000000;25.000000;3.672000;31.640625
2018-03-14 13:01:51 +0000;40.737693;-73.986413;21.812897;25.000000;25.000000;4.500000;26.367188
2018-03-14 13:01:57 +0000;40.737679;-73.986296;20.312408;25.000000;25.000000;3.492000;121.640625
2018-03-14 13:02:00 +0000;40.737610;-73.986218;19.999298;25.000000;25.000000;3.600000;133.242188
2018-03-14 13:02:05 +0000;40.737548;-73.986119;22.074188;25.000000;25.000000;0.792000;33.398438
2018-03-14 13:02:15 +0000;40.737514;-73.986002;22.570160;25.000000;25.000000;1.332000;157.148438
2018-03-14 13:02:24 +0000;40.737504;-73.985875;24.062469;25.000000;25.000000;4.140000;130.781250
2018-03-14 13:02:31 +0000;40.737479;-73.985754;23.419495;25.000000;25.000000;3.132000;113.906250
2018-03-14 13:02:41 +0000;40.737478;-73.985632;22.612000;25.000000;25.000000;1.080000;113.203125
2018-03-14 13:02:49 +0000;40.737413;-73.985520;22.192505;25.000000;25.000000;3.060000;99.492188
2018-03-14 13:02:54 +0000;40.737357;-73.985421;18.241669;25.000000;25.000000;4.140000;144.492188
2018-03-14 13:03:00 +0000;40.737363;-73.985293;18.863861;25.000000;25.000000;6.552000;47.460938
2018-03-14 13:03:06 +0000;40.737385;-73.985170;15.101868;25.000000;25.000000;3.708000;65.039062
2018-03-14 13:03:13 +0000;40.737438;-73.985062;13.699036;25.000000;25.000000;4.788000;34.101562
2018-03-14 13:03:26 +0000;40.737362;-73.984970;11.744720;25.000000;25.000000;3.672000;129.023438
2018-03-14 13:03:31 +0000;40.737285;-73.984906;12.263489;25.000000;25.000000;4.680000;121.992188
2018-03-14 13:03:36 +0000;40.737205;-73.984848;14.947632;25.000000;25.000000;4.716000;123.046875
2018-03-14 13:03:42 +0000;40.737134;-73.984763;13.641632;25.000000;25.000000;4.140000;118.476562
2018-03-14 13:03:48 +0000;40.737063;-73.984677;14.143524;25.000000;25.000000;4.140000;131.835938
2018-03-14 13:03:50 +0000;40.737043;-73.984648;13.348694;10.000000;10.000000;4.140000;104.062500
2018-03-14 13:04:12 +0000;40.737116;-73.984729;12.706635;25.000000;25.000000;4.356000;310.781250
2018-03-14 13:04:17 +0000;40.737149;-73.984810;19.808777;10.000000;10.000000;4.104000;303.046875
2018-03-14 13:04:24 +0000;40.737191;-73.984918;12.716187;25.000000;25.000000;4.968000;311.132812
2018-03-14 13:04:31 +0000;40.737254;-73.985008;14.905487;25.000000;25.000000;4.392000;300.585938
2018-03-14 13:04:39 +0000;40.737323;-73.985100;14.639099;25.000000;25.000000;4.068000;290.039062
2018-03-14 13:04:46 +0000;40.737353;-73.985226;10.888550;25.000000;25.000000;3.960000;296.015625
2018-03-14 13:04:54 +0000;40.737404;-73.985336;10.951630;10.000000;10.000000;4.140000;296.367188
2018-03-14 13:05:05 +0000;40.737499;-73.985338;11.376160;25.000000;25.000000;2.304000;30.937500
2018-03-14 13:05:11 +0000;40.737578;-73.985325;10.876801;10.000000;10.000000;2.484000;359.648438
2018-03-14 13:05:19 +0000;40.737663;-73.985270;16.078430;25.000000;25.000000;3.888000;41.484375
2018-03-14 13:05:30 +0000;40.737747;-73.985217;14.814178;25.000000;25.000000;2.016000;25.664062
2018-03-14 13:05:38 +0000;40.737840;-73.985195;16.297546;25.000000;25.000000;3.780000;32.695312
2018-03-14 13:05:46 +0000;40.737931;-73.985142;15.154938;25.000000;25.000000;4.428000;23.554688
2018-03-14 13:05:55 +0000;40.738003;-73.985229;14.999756;25.000000;25.000000;4.068000;294.960938
2018-03-14 13:06:03 +0000;40.738023;-73.985347;13.915466;25.000000;25.000000;3.240000;293.554688
2018-03-14 13:08:02 +0000;40.738020;-73.985228;21.306519;25.000000;25.000000;3.348000;359.648438
2018-03-14 13:08:15 +0000;40.738077;-73.985327;20.199524;25.000000;25.000000;4.608000;305.859375
2018-03-14 13:08:23 +0000;40.738089;-73.985455;18.490845;25.000000;25.000000;5.472000;303.750000
2018-03-14 13:08:29 +0000;40.738120;-73.985538;21.335846;10.000000;10.000000;4.608000;300.937500
2018-03-14 13:08:38 +0000;40.738132;-73.985657;21.648621;25.000000;25.000000;3.672000;304.101562
2018-03-14 13:08:45 +0000;40.738179;-73.985762;21.593109;25.000000;25.000000;4.284000;295.664062
2018-03-14 13:08:52 +0000;40.738233;-73.985872;18.489197;25.000000;25.000000;3.312000;298.476562
2018-03-14 13:09:00 +0000;40.738272;-73.985982;19.283173;25.000000;25.000000;2.952000;279.843750
2018-03-14 13:09:08 +0000;40.738290;-73.986114;19.972290;25.000000;25.000000;6.192000;282.656250
2018-03-14 13:09:13 +0000;40.738336;-73.986218;18.296326;25.000000;25.000000;6.192000;293.203125
2018-03-14 13:09:19 +0000;40.738412;-73.986307;19.749603;25.000000;25.000000;4.356000;312.890625
2018-03-14 13:09:30 +0000;40.738367;-73.986414;18.425537;25.000000;25.000000;4.104000;211.992188
2018-03-14 13:09:42 +0000;40.738289;-73.986474;18.348419;25.000000;25.000000;1.764000;176.835938
2018-03-14 13:09:59 +0000;40.738314;-73.986491;23.883636;10.000000;10.000000;0.000000;329.062500
2018-03-14 13:10:28 +0000;40.738255;-73.986594;22.411591;25.000000;25.000000;5.364000;217.617188
2018-03-14 13:10:42 +0000;40.738149;-73.986640;26.715088;25.000000;25.000000;2.088000;204.257812
2018-03-14 13:11:02 +0000;40.738060;-73.986667;23.374664;25.000000;25.000000;4.284000;191.601562
2018-03-14 13:11:12 +0000;40.737967;-73.986618;15.543762;25.000000;25.000000;2.988000;149.765625
2018-03-14 13:11:17 +0000;40.737936;-73.986555;16.210754;10.000000;10.000000;4.644000;121.640625
2018-03-14 13:11:23 +0000;40.737885;-73.986458;14.517761;25.000000;25.000000;4.680000;131.132812
2018-03-14 13:11:29 +0000;40.737835;-73.986356;11.125305;25.000000;25.000000;5.076000;120.585938
2018-03-14 13:11:39 +0000;40.737763;-73.986269;7.027863;25.000000;25.000000;3.708000;106.875000
2018-03-14 13:11:47 +0000;40.737682;-73.986200;10.682037;25.000000;25.000000;4.212000;199.335938
2018-03-14 13:11:57 +0000;40.737606;-73.986298;7.091553;25.000000;25.000000;6.264000;220.429688
2018-03-14 13:12:02 +0000;40.737526;-73.986360;12.151886;25.000000;25.000000;5.148000;208.828125
2018-03-14 13:12:08 +0000;40.737429;-73.986364;13.300659;25.000000;25.000000;4.932000;165.234375
2018-03-14 13:12:14 +0000;40.737358;-73.986451;17.498138;25.000000;25.000000;2.988000;232.031250
2018-03-14 13:12:24 +0000;40.737263;-73.986501;16.503784;25.000000;25.000000;3.816000;284.414062
2018-03-14 13:12:29 +0000;40.737173;-73.986478;10.130493;10.000000;10.000000;6.228000;139.570312
2018-03-14 13:12:35 +0000;40.737092;-73.986415;16.045105;25.000000;25.000000;1.692000;149.765625
2018-03-14 13:12:42 +0000;40.737007;-73.986474;10.554565;25.000000;25.000000;5.112000;202.500000
2018-03-14 13:12:48 +0000;40.736925;-73.986562;15.228455;25.000000;25.000000;5.904000;216.210938
2018-03-14 13:12:54 +0000;40.736840;-73.986617;15.543671;25.000000;25.000000;5.256000;210.234375
2018-03-14 13:13:08 +0000;40.736884;-73.986724;15.467773;30.000000;30.000000;3.060000;350.859375
2018-03-14 13:13:20 +0000;40.736815;-73.986639;33.044830;50.000000;50.000000;7.956000;135.000000
2018-03-14 13:13:24 +0000;40.736741;-73.986571;33.199795;200.000000;200.000000;7.216355;-1.000000
2018-03-14 13:13:29 +0000;40.736727;-73.986579;32.702423;50.000000;50.000000;0.720000;144.492188
2018-03-14 13:13:36 +0000;40.736782;-73.986681;31.287292;50.000000;50.000000;2.988000;273.164062
2018-03-14 13:13:40 +0000;40.736836;-73.986784;30.932556;100.000000;100.000000;3.240000;303.398438
2018-03-14 13:13:41 +0000;40.736858;-73.986810;31.786896;30.000000;30.000000;2.952000;306.210938
2018-03-14 13:13:44 +0000;40.736946;-73.986873;30.340363;33.479101;33.479101;3.276000;9.492188
2018-03-14 13:13:56 +0000;40.736893;-73.986988;31.718140;30.000000;30.000000;6.048000;188.437500
2018-03-14 13:14:07 +0000;40.737034;-73.986987;31.179382;65.828016;65.828016;7.452000;35.859375
2018-03-14 13:14:08 +0000;40.737061;-73.986970;31.134979;50.000000;50.000000;7.452000;31.992188
2018-03-14 13:14:12 +0000;40.737017;-73.986926;30.853882;39.173423;39.173423;0.684000;74.882812
2018-03-14 13:15:12 +0000;40.736917;-73.986915;37.779877;30.000000;30.000000;7.380000;199.687500
2018-03-14 13:15:16 +0000;40.736820;-73.986969;38.946564;50.000000;50.000000;7.380000;198.984375
2018-03-14 13:15:20 +0000;40.736795;-73.986712;33.202057;30.000000;30.000000;7.344000;121.992188
2018-03-14 13:16:03 +0000;40.736809;-73.986872;38.245178;25.000000;25.000000;0.000000;184.570312
2018-03-14 13:16:06 +0000;40.736731;-73.986943;35.852386;25.000000;25.000000;5.328000;186.328125
2018-03-14 13:16:13 +0000;40.736649;-73.987014;33.826385;25.000000;25.000000;4.392000;204.960938
2018-03-14 13:16:25 +0000;40.736559;-73.987066;28.667450;25.000000;25.000000;4.536000;191.250000
2018-03-14 13:16:36 +0000;40.736605;-73.987170;27.863770;25.000000;25.000000;2.556000;330.117188
2018-03-14 13:16:44 +0000;40.736596;-73.987295;28.999512;25.000000;25.000000;3.528000;220.781250
2018-03-14 13:16:47 +0000;40.736619;-73.987321;30.357788;10.000000;10.000000;5.076000;345.937500
2018-03-14 13:16:56 +0000;40.736715;-73.987371;30.892670;25.000000;25.000000;2.808000;326.953125
2018-03-14 13:17:02 +0000;40.736785;-73.987448;32.377716;25.000000;25.000000;2.988000;292.148438
2018-03-14 13:17:10 +0000;40.736841;-73.987554;33.730957;25.000000;25.000000;6.084000;308.671875
2018-03-14 13:17:15 +0000;40.736892;-73.987667;33.287231;25.000000;25.000000;5.544000;295.664062
2018-03-14 13:17:20 +0000;40.736933;-73.987778;32.734863;25.000000;25.000000;5.508000;309.375000
2018-03-14 13:17:25 +0000;40.737002;-73.987866;31.735779;25.000000;25.000000;5.724000;315.351562
2018-03-14 13:17:30 +0000;40.737026;-73.988005;30.950867;25.000000;25.000000;5.544000;252.421875
2018-03-14 13:17:34 +0000;40.737026;-73.988126;31.060028;25.000000;25.000000;5.436000;290.390625
2018-03-14 13:17:39 +0000;40.737033;-73.988268;30.735535;25.000000;25.000000;5.796000;258.398438
2018-03-14 13:17:45 +0000;40.737055;-73.988402;30.502899;25.000000;25.000000;5.256000;281.601562
2018-03-14 13:17:52 +0000;40.737017;-73.988460;29.322205;10.000000;10.000000;5.544000;183.515625
2018-03-14 13:18:00 +0000;40.736925;-73.988523;28.012634;25.000000;25.000000;6.012000;214.101562
2018-03-14 13:18:07 +0000;40.736835;-73.988554;24.537537;25.000000;25.000000;7.020000;183.867188
2018-03-14 13:18:12 +0000;40.736785;-73.988666;25.716400;37.196689;37.196689;5.940000;226.406250
2018-03-14 13:18:17 +0000;40.736725;-73.988763;26.330719;47.510198;47.510198;6.444000;213.398438
2018-03-14 13:18:18 +0000;40.736716;-73.988792;25.585449;30.000000;30.000000;6.444000;221.484375
2018-03-14 13:18:22 +0000;40.736695;-73.988925;24.295166;30.000000;30.000000;6.588000;225.703125
2018-03-14 13:18:27 +0000;40.736607;-73.988988;23.814880;25.000000;25.000000;6.120000;203.906250
2018-03-14 13:18:33 +0000;40.736513;-73.988969;20.791351;25.000000;25.000000;5.580000;235.195312
2018-03-14 13:18:42 +0000;40.736418;-73.988984;20.816193;25.000000;25.000000;9.288000;219.023438
2018-03-14 13:18:47 +0000;40.736330;-73.989007;15.279968;25.000000;25.000000;5.832000;181.406250
2018-03-14 13:18:54 +0000;40.736239;-73.988999;14.418152;25.000000;25.000000;4.536000;176.835938
2018-03-14 13:19:00 +0000;40.736151;-73.989076;12.334381;25.000000;25.000000;5.364000;181.054688
2018-03-14 13:19:06 +0000;40.736059;-73.989126;13.201752;25.000000;25.000000;5.148000;161.367188
2018-03-14 13:19:12 +0000;40.736043;-73.989219;14.755829;10.000000;10.000000;6.768000;291.445312
2018-03-14 13:19:17 +0000;40.736086;-73.989342;10.744995;25.000000;25.000000;5.580000;276.679688
2018-03-14 13:19:23 +0000;40.736051;-73.989472;15.283752;25.000000;25.000000;5.256000;268.593750
2018-03-14 13:19:28 +0000;40.735962;-73.989562;16.701813;25.000000;25.000000;6.804000;204.609375
2018-03-14 13:19:33 +0000;40.735871;-73.989617;19.087402;25.000000;25.000000;5.616000;214.453125
2018-03-14 13:19:38 +0000;40.735771;-73.989667;16.272400;25.000000;25.000000;5.940000;213.046875
2018-03-14 13:19:43 +0000;40.735670;-73.989708;15.863190;25.000000;25.000000;5.544000;203.554688
2018-03-14 13:19:48 +0000;40.735581;-73.989739;17.405090;25.000000;25.000000;5.616000;211.640625
2018-03-14 13:19:54 +0000;40.735484;-73.989774;17.551361;25.000000;25.000000;5.688000;195.820312
2018-03-14 13:19:59 +0000;40.735390;-73.989788;21.724213;25.000000;25.000000;6.876000;193.359375
2018-03-14 13:20:05 +0000;40.735321;-73.989890;20.817780;25.000000;25.000000;5.040000;220.781250
2018-03-14 13:20:10 +0000;40.735336;-73.990022;16.109833;25.000000;25.000000;3.816000;242.578125
2018-03-14 13:20:15 +0000;40.735276;-73.990135;15.875854;25.000000;25.000000;6.084000;219.375000
2018-03-14 13:20:25 +0000;40.735219;-73.990226;18.307739;10.000000;10.000000;2.808000;215.859375
2018-03-14 13:20:36 +0000;40.735137;-73.990277;20.824219;50.000000;50.000000;2.988000;204.960938
2018-03-14 13:20:45 +0000;40.735056;-73.990355;25.506613;200.000000;200.000000;3.925266;-1.000000
2018-03-14 13:20:52 +0000;40.734979;-73.990425;26.606176;200.000000;200.000000;4.289195;-1.000000
2018-03-14 13:21:45 +0000;40.735126;-73.990477;28.762861;165.000000;165.000000;-3.600000;-1.000000
2018-03-14 21:59:52 +0000;40.737699;-73.989982;29.768972;65.000000;65.000000;-3.600000;-1.000000
2018-03-14 22:00:01 +0000;40.738013;-73.989323;10.430657;88.503142;88.503142;8.188215;-1.000000
2018-03-14 22:00:03 +0000;40.737901;-73.989676;11.765236;40.806423;40.806423;7.790858;-1.000000
2018-03-14 22:00:13 +0000;40.737909;-73.989797;11.964772;79.530254;79.530254;5.067683;-1.000000
2018-03-14 22:00:14 +0000;40.737909;-73.989791;12.486783;63.760559;63.760559;7.130365;-1.000000
2018-03-14 22:00:20 +0000;40.737738;-73.990151;56.381601;64.000000;64.000000;1.192719;-1.000000
2018-03-14 22:00:21 +0000;40.737732;-73.990170;57.714151;32.000000;32.000000;2.743087;313.583930
2018-03-14 22:00:36 +0000;40.737822;-73.990205;43.944205;25.000000;25.000000;1.484987;264.281985
2018-03-14 22:00:42 +0000;40.737738;-73.990283;50.545958;25.000000;25.000000;5.042802;221.346173
2018-03-14 22:00:48 +0000;40.737721;-73.990405;51.887619;25.000000;25.000000;4.498712;260.116772
2018-03-14 22:00:57 +0000;40.737812;-73.990453;36.970920;25.000000;25.000000;4.296619;264.193110
2018-03-14 22:01:01 +0000;40.737883;-73.990527;29.942432;25.000000;25.000000;5.054829;272.729426
2018-03-14 22:01:05 +0000;40.737959;-73.990619;23.340920;25.000000;25.000000;6.536649;280.427186
2018-03-14 22:01:12 +0000;40.738041;-73.990675;18.821005;25.000000;25.000000;4.615438;275.939642
2018-03-14 22:01:18 +0000;40.738099;-73.990793;18.163595;25.000000;25.000000;5.724215;276.285906
2018-03-14 22:01:23 +0000;40.738160;-73.990899;17.225286;25.000000;25.000000;3.845723;281.951356
2018-03-14 22:01:32 +0000;40.738223;-73.990991;13.660618;25.000000;25.000000;5.183319;268.689533
2018-03-14 22:01:39 +0000;40.738267;-73.991104;10.449995;25.000000;25.000000;5.738215;285.393335
2018-03-14 22:01:47 +0000;40.738330;-73.991200;6.780681;25.000000;25.000000;0.708753;296.603997
2018-03-14 22:02:01 +0000;40.738382;-73.991305;4.882840;33.822054;33.822054;3.154641;291.982937
2018-03-14 22:02:07 +0000;40.738438;-73.991415;7.811381;34.648045;34.648045;4.253059;289.275286
2018-03-14 22:02:12 +0000;40.738498;-73.991532;12.772319;32.000000;32.000000;4.257169;291.063457
2018-03-14 22:02:18 +0000;40.738512;-73.991652;13.716110;32.000000;32.000000;3.539733;255.103604
2018-03-14 22:02:24 +0000;40.738508;-73.991774;12.089902;25.000000;25.000000;5.772245;259.436457
2018-03-14 22:02:31 +0000;40.738439;-73.991861;9.599701;25.000000;25.000000;2.073653;234.018400
2018-03-14 22:02:38 +0000;40.738357;-73.991923;5.570581;57.345277;57.345277;3.599091;221.692859
2018-03-14 22:02:44 +0000;40.738254;-73.991974;9.264706;45.584137;45.584137;3.852447;217.814910
2018-03-14 22:02:45 +0000;40.738233;-73.991983;9.735313;25.000000;25.000000;3.923129;204.294387
2018-03-14 22:02:51 +0000;40.738132;-73.992002;12.429806;25.000000;25.000000;3.925665;209.323018
2018-03-14 22:02:56 +0000;40.738035;-73.992023;13.095595;25.000000;25.000000;4.265725;218.378537
2018-03-14 22:03:08 +0000;40.738016;-73.992154;12.928810;25.000000;25.000000;3.074498;323.018388
2018-03-14 22:03:20 +0000;40.738022;-73.992279;11.400861;25.000000;25.000000;0.581627;307.388784
2018-03-14 22:03:27 +0000;40.738070;-73.992391;12.433169;25.000000;25.000000;2.779262;340.942198
2018-03-14 22:03:38 +0000;40.738036;-73.992518;14.736450;32.000000;32.000000;2.323714;334.278720
2018-03-14 22:03:49 +0000;40.738078;-73.992641;15.590812;25.000000;25.000000;1.789634;310.675608
2018-03-14 22:03:54 +0000;40.738158;-73.992715;13.636410;32.000000;32.000000;4.515606;340.167654
2018-03-14 22:03:59 +0000;40.738239;-73.992796;10.420686;33.802828;33.802828;7.128133;339.728118
2018-03-14 22:04:04 +0000;40.738323;-73.992873;7.503748;32.000000;32.000000;5.736111;332.830228
2018-03-14 22:04:11 +0000;40.738378;-73.992993;8.874171;38.796908;38.796908;2.958163;331.724693
2018-03-14 22:04:16 +0000;40.738402;-73.993122;9.582592;36.706458;36.706458;4.091247;321.888156
2018-03-14 22:04:21 +0000;40.738430;-73.993263;10.868091;32.000000;32.000000;2.917476;315.881113
2018-03-14 22:04:25 +0000;40.738471;-73.993379;11.710042;32.000000;32.000000;1.035417;317.276111
2018-03-14 22:04:29 +0000;40.738502;-73.993515;12.025772;32.000000;32.000000;0.068047;325.911519
2018-03-14 22:04:39 +0000;40.738530;-73.993635;12.333187;32.000000;32.000000;0.016544;336.596585
2018-03-14 22:04:49 +0000;40.738473;-73.993749;10.871001;32.000000;32.000000;1.340875;243.603396
2018-03-14 22:05:01 +0000;40.738407;-73.993833;10.028111;41.336354;41.336354;0.218658;212.605757
2018-03-14 22:06:07 +0000;40.738341;-73.993750;12.148408;32.000000;32.000000;0.928150;89.432687
2018-03-14 22:07:21 +0000;40.738251;-73.993732;9.774936;38.867542;38.867542;1.996764;256.875464
2018-03-14 22:07:31 +0000;40.738254;-73.993874;11.111274;35.498464;35.498464;1.209703;242.397512
2018-03-14 22:07:40 +0000;40.738292;-73.993984;11.549491;34.670819;34.670819;1.166046;241.811728
2018-03-14 22:07:52 +0000;40.738376;-73.994034;11.153825;40.882804;40.882804;3.068690;352.301786
2018-03-14 22:07:56 +0000;40.738464;-73.993987;11.898910;32.000000;32.000000;1.539041;48.988504
2018-03-14 22:08:09 +0000;40.738392;-73.994074;9.255838;40.834824;40.834824;2.455860;193.278931
2018-03-14 22:08:16 +0000;40.738417;-73.994210;8.012592;37.324897;37.324897;2.234160;190.843313
2018-03-14 22:08:19 +0000;40.738478;-73.994361;7.726572;32.000000;32.000000;0.223868;185.475795
2018-03-14 22:08:23 +0000;40.738523;-73.994503;7.330596;34.513686;34.513686;5.919862;275.876395
2018-03-14 22:08:24 +0000;40.738548;-73.994654;7.569277;32.000000;32.000000;5.919862;273.903563
2018-03-14 22:08:26 +0000;40.738592;-73.994827;8.178413;32.000000;32.000000;3.314872;271.630558
2018-03-14 22:08:31 +0000;40.738627;-73.994951;9.122299;32.000000;32.000000;0.179000;270.654633
2018-03-14 22:08:36 +0000;40.738672;-73.995067;9.139015;33.596735;33.596735;6.716372;297.493862
2018-03-14 22:08:39 +0000;40.738758;-73.995170;9.128382;32.000000;32.000000;7.564474;268.187924
2018-03-14 22:08:42 +0000;40.738822;-73.995272;9.921253;32.000000;32.000000;5.532843;277.438596
2018-03-14 22:08:45 +0000;40.738900;-73.995345;11.548527;34.946942;34.946942;7.705758;277.818054
2018-03-14 22:08:48 +0000;40.738983;-73.995398;13.094164;32.000000;32.000000;3.615475;285.826614
2018-03-14 22:08:54 +0000;40.739080;-73.995434;15.385224;32.000000;32.000000;1.945174;296.469607
2018-03-14 22:09:13 +0000;40.739098;-73.995311;15.794106;32.000000;32.000000;3.458939;108.631755
2018-03-14 22:09:23 +0000;40.739078;-73.995181;15.163540;32.000000;32.000000;4.423918;94.921830
2018-03-14 22:09:35 +0000;40.739062;-73.995063;16.436774;32.000000;32.000000;3.618841;119.495894
2018-03-14 22:09:44 +0000;40.739003;-73.994965;14.869286;32.000000;32.000000;3.496535;150.040514
2018-03-14 22:09:52 +0000;40.738945;-73.994853;13.938203;32.000000;32.000000;4.087423;133.348351
2018-03-14 22:09:58 +0000;40.738946;-73.994703;14.497296;32.000000;32.000000;1.963402;122.984782
2018-03-14 22:10:02 +0000;40.738886;-73.994560;15.607823;32.000000;32.000000;3.309592;123.787931
2018-03-14 22:10:14 +0000;40.738834;-73.994456;13.180729;32.000000;32.000000;2.992250;51.062703
2018-03-14 22:10:19 +0000;40.738791;-73.994346;10.850713;32.000000;32.000000;5.734620;80.009608
2018-03-14 22:10:24 +0000;40.738769;-73.994196;10.255867;32.000000;32.000000;5.214653;81.476644
2018-03-14 22:10:28 +0000;40.738759;-73.994068;10.967797;32.000000;32.000000;5.268715;84.033757
2018-03-14 22:10:39 +0000;40.738706;-73.993970;12.407552;32.000000;32.000000;1.873041;84.546103
2018-03-14 22:11:06 +0000;40.738604;-73.993896;12.083548;65.000000;65.000000;-3.600000;-1.000000
2018-03-14 22:11:19 +0000;40.738595;-73.993853;12.251940;65.000000;65.000000;-3.600000;-1.000000
2018-03-14 22:13:58 +0000;40.738652;-73.993951;20.201000;65.000000;65.000000;-3.600000;-1.000000
2018-03-14 22:14:22 +0000;40.738582;-73.993815;21.161261;65.000000;65.000000;-3.600000;-1.000000
2018-03-14 22:14:35 +0000;40.738628;-73.993929;21.502092;65.000000;65.000000;-3.600000;-1.000000
2018-03-14 22:14:47 +0000;40.738580;-73.993779;21.816713;65.000000;65.000000;-3.600000;-1.000000
2018-03-14 22:16:23 +0000;40.738613;-73.993892;27.942289;65.000000;65.000000;-3.600000;-1.000000
2018-03-14 22:17:00 +0000;40.738565;-73.993782;27.743908;65.000000;65.000000;-3.600000;-1.000000
2018-03-14 22:19:30 +0000;40.738611;-73.993887;27.742432;65.000000;65.000000;-3.600000;-1.000000
2018-03-14 22:20:13 +0000;40.738575;-73.993778;28.004932;65.000000;65.000000;-3.600000;-1.000000
2018-03-14 22:21:07 +0000;40.738622;-73.993893;27.653757;65.000000;65.000000;-3.600000;-1.000000
2018-03-14 22:22:29 +0000;40.738580;-73.993746;28.890139;65.000000;65.000000;-3.600000;-1.000000
2018-03-14 22:22:35 +0000;40.738615;-73.993858;28.818018;65.000000;65.000000;-3.600000;-1.000000
2018-03-14 22:25:49 +0000;40.738525;-73.993868;26.914759;65.000000;65.000000;-3.600000;-1.000000
2018-03-14 22:26:03 +0000;40.738621;-73.993879;27.898577;65.000000;65.000000;-3.600000;-1.000000
2018-03-14 22:31:55 +0000;40.738591;-73.993763;28.245260;65.000000;65.000000;-3.600000;-1.000000
2018-03-14 22:32:07 +0000;40.738621;-73.993889;28.479149;65.000000;65.000000;-3.600000;-1.000000
2018-03-14 22:32:20 +0000;40.738701;-73.993998;28.501364;65.000000;65.000000;-3.600000;-1.000000
2018-03-14 22:32:23 +0000;40.738623;-73.993868;28.479939;65.000000;65.000000;-3.600000;-1.000000
2018-03-14 23:20:57 +0000;40.738574;-73.993766;28.024649;65.000000;65.000000;-3.600000;-1.000000
2018-03-14 23:21:06 +0000;40.738621;-73.993869;28.284801;65.000000;65.000000;-3.600000;-1.000000
2018-03-14 23:27:36 +0000;40.738694;-73.994015;27.731878;65.000000;65.000000;-3.600000;-1.000000
2018-03-14 23:27:48 +0000;40.738629;-73.993883;27.665165;65.000000;65.000000;-3.600000;-1.000000
2018-03-14 23:28:12 +0000;40.738556;-73.993726;27.334990;65.000000;65.000000;-3.600000;-1.000000
2018-03-14 23:28:24 +0000;40.738470;-73.993523;27.304731;65.000000;65.000000;-3.600000;-1.000000
2018-03-14 23:28:36 +0000;40.738421;-73.993395;27.256830;65.000000;65.000000;-3.600000;-1.000000
2018-03-14 23:28:42 +0000;40.738318;-73.993154;27.240360;65.000000;65.000000;-3.600000;-1.000000
2018-03-14 23:28:53 +0000;40.738171;-73.992862;27.207102;65.000000;65.000000;-3.600000;-1.000000
2018-03-14 23:29:17 +0000;40.738085;-73.992623;27.136198;65.000000;65.000000;-3.600000;-1.000000
2018-03-14 23:29:29 +0000;40.738058;-73.992384;27.099279;65.000000;65.000000;-3.600000;-1.000000
2018-03-14 23:29:35 +0000;40.737982;-73.992255;27.080507;65.000000;65.000000;-3.600000;-1.000000
2018-03-14 23:29:41 +0000;40.737881;-73.992220;27.043430;65.000000;65.000000;-3.600000;-1.000000
2018-03-14 23:29:53 +0000;40.738135;-73.992143;26.987507;65.000000;65.000000;-3.600000;-1.000000
2018-03-14 23:30:17 +0000;40.738328;-73.991880;26.911543;65.000000;65.000000;-3.600000;-1.000000
2018-03-14 23:30:23 +0000;40.738420;-73.991791;26.892267;65.000000;65.000000;-3.600000;-1.000000
2018-03-14 23:30:38 +0000;40.738533;-73.991753;26.852982;65.000000;65.000000;-3.600000;-1.000000
2018-03-14 23:30:50 +0000;40.738389;-73.991450;26.813492;65.000000;65.000000;-3.600000;-1.000000
2018-03-14 23:30:56 +0000;40.738322;-73.991335;26.793694;65.000000;65.000000;-3.600000;-1.000000
2018-03-14 23:31:02 +0000;40.738216;-73.991049;27.675846;65.000000;65.000000;-3.600000;-1.000000
2018-03-14 23:31:08 +0000;40.738116;-73.990783;28.246300;65.000000;65.000000;-3.600000;-1.000000
2018-03-14 23:31:20 +0000;40.738046;-73.990647;29.042173;65.000000;65.000000;-3.600000;-1.000000
2018-03-14 23:31:37 +0000;40.737993;-73.990518;29.252159;65.000000;65.000000;-3.600000;-1.000000
2018-03-14 23:31:55 +0000;40.737870;-73.990345;29.917274;65.000000;65.000000;-3.600000;-1.000000
2018-03-14 23:32:15 +0000;40.737673;-73.990043;29.961657;65.000000;65.000000;-3.600000;-1.000000
2018-03-14 23:32:28 +0000;40.737671;-73.989828;29.960499;65.000000;65.000000;-3.600000;-1.000000
2018-03-14 23:32:41 +0000;40.737610;-73.989631;29.976671;65.000000;65.000000;-3.600000;-1.000000
2018-03-14 23:32:47 +0000;40.737526;-73.989440;29.941772;65.000000;65.000000;-3.600000;-1.000000
2018-03-14 23:33:05 +0000;40.737326;-73.989232;29.927269;65.000000;65.000000;-3.600000;-1.000000
2018-03-14 23:33:11 +0000;40.737286;-73.989124;29.471087;65.000000;65.000000;-3.600000;-1.000000
2018-03-14 23:33:34 +0000;40.737422;-73.989275;29.486156;65.000000;65.000000;-3.600000;-1.000000
2018-03-14 23:33:46 +0000;40.737343;-73.989022;29.642790;65.000000;65.000000;-3.600000;-1.000000
2018-03-14 23:33:52 +0000;40.737281;-73.988880;29.564856;65.000000;65.000000;-3.600000;-1.000000
2018-03-14 23:34:07 +0000;40.737264;-73.988742;29.356716;65.000000;65.000000;-3.600000;-1.000000
2018-03-14 23:34:19 +0000;40.737358;-73.988663;29.331797;65.000000;65.000000;-3.600000;-1.000000
2018-03-14 23:34:28 +0000;40.737153;-73.988464;29.298559;65.000000;65.000000;-3.600000;-1.000000
2018-03-14 23:34:35 +0000;40.737004;-73.988231;29.214207;65.000000;65.000000;-3.600000;-1.000000
2018-03-14 23:34:57 +0000;40.736838;-73.987778;29.401735;65.000000;65.000000;-3.600000;-1.000000
2018-03-14 23:35:09 +0000;40.736669;-73.987414;29.631250;65.000000;65.000000;-3.600000;-1.000000
2018-03-14 23:35:22 +0000;40.736632;-73.987287;29.514402;65.000000;65.000000;-3.600000;-1.000000
2018-03-14 23:35:22 +0000;40.736637;-73.987144;29.357992;65.000000;65.000000;-3.600000;-1.000000
2018-03-14 23:35:34 +0000;40.736438;-73.987120;29.208889;65.000000;65.000000;-3.600000;-1.000000
2018-03-14 23:35:46 +0000;40.736646;-73.986900;28.965620;65.000000;65.000000;-3.600000;-1.000000
2018-03-14 23:35:58 +0000;40.736749;-73.986820;28.844606;65.000000;65.000000;-3.600000;-1.000000
2018-03-14 23:36:04 +0000;40.736845;-73.986755;28.828913;65.000000;65.000000;-3.600000;-1.000000
2018-03-15 11:37:20 +0000;40.736814;-73.986764;28.921131;65.000000;65.000000;-3.600000;-1.000000
2018-03-15 11:37:28 +0000;40.736818;-73.986764;31.798065;50.000000;50.000000;-3.600000;-1.000000
2018-03-15 11:37:41 +0000;40.736806;-73.986772;31.926727;30.000000;30.000000;0.000000;-1.000000
2018-03-15 11:38:37 +0000;40.736783;-73.986890;29.010071;30.000000;30.000000;2.376000;240.820312
2018-03-15 11:38:42 +0000;40.736889;-73.986941;27.564392;30.000000;30.000000;-3.600000;-1.000000
2018-03-15 11:38:50 +0000;40.736977;-73.986887;8.380493;25.000000;25.000000;1.656000;34.804688
2018-03-15 11:38:56 +0000;40.737028;-73.986775;13.220886;25.000000;25.000000;2.988000;40.781250
2018-03-15 11:39:08 +0000;40.737011;-73.986657;18.689209;25.000000;25.000000;2.592000;35.507812
2018-03-15 11:39:15 +0000;40.736929;-73.986590;23.132538;25.000000;25.000000;1.944000;35.859375
2018-03-15 11:40:26 +0000;40.736876;-73.986484;26.165009;25.000000;25.000000;2.880000;161.015625
2018-03-15 11:40:37 +0000;40.736824;-73.986372;20.926270;25.000000;25.000000;4.788000;127.617188
2018-03-15 11:40:43 +0000;40.736778;-73.986267;22.570435;25.000000;25.000000;4.176000;117.070312
2018-03-15 11:40:49 +0000;40.736752;-73.986135;24.848755;32.425341;32.425341;4.788000;114.960938
2018-03-15 11:40:58 +0000;40.736748;-73.986010;26.339996;25.000000;25.000000;3.276000;104.062500
2018-03-15 11:41:05 +0000;40.736700;-73.985905;25.062103;25.000000;25.000000;4.536000;117.070312
2018-03-15 11:41:12 +0000;40.736646;-73.985795;26.976227;25.000000;25.000000;4.932000;143.789062
2018-03-15 11:41:21 +0000;40.736602;-73.985684;25.803741;25.000000;25.000000;3.852000;125.859375
2018-03-15 11:41:30 +0000;40.736580;-73.985560;25.407471;25.000000;25.000000;4.284000;131.132812
2018-03-15 11:41:38 +0000;40.736519;-73.985456;25.111145;25.000000;25.000000;3.528000;141.328125
2018-03-15 11:41:46 +0000;40.736481;-73.985336;27.476227;25.000000;25.000000;2.340000;129.726562
2018-03-15 11:41:52 +0000;40.736455;-73.985213;26.143799;25.000000;25.000000;4.212000;111.796875
2018-03-15 11:42:08 +0000;40.736532;-73.985280;27.556519;25.000000;25.000000;5.040000;331.523438
2018-03-15 11:42:14 +0000;40.736636;-73.985322;25.499420;25.000000;25.000000;6.084000;356.132812
2018-03-15 11:42:20 +0000;40.736668;-73.985439;26.072021;25.000000;25.000000;2.880000;293.203125
2018-03-15 11:42:33 +0000;40.736752;-73.985495;24.993988;25.000000;25.000000;3.960000;307.968750
2018-03-15 11:42:40 +0000;40.736835;-73.985575;24.943085;36.347758;36.347758;1.296000;336.796875
2018-03-15 11:42:41 +0000;40.736886;-73.985572;24.833832;25.000000;25.000000;6.876000;336.796875
2018-03-15 11:43:03 +0000;40.736820;-73.985704;25.255615;30.000000;30.000000;10.188000;236.953125
2018-03-15 11:43:10 +0000;40.736857;-73.985834;25.324097;30.000000;30.000000;5.436000;313.593750
2018-03-15 11:43:13 +0000;40.736958;-73.985907;27.078583;37.845352;37.845352;9.396000;322.382812
2018-03-15 11:43:18 +0000;40.737027;-73.985988;24.985016;30.000000;30.000000;5.688000;318.867188
2018-03-15 11:43:27 +0000;40.737057;-73.986112;25.898499;30.000000;30.000000;4.716000;254.179688
2018-03-15 11:43:32 +0000;40.737003;-73.986227;28.135986;30.000000;30.000000;1.368000;262.617188
2018-03-15 11:43:39 +0000;40.737024;-73.986358;26.902740;30.000000;30.000000;5.652000;297.070312
2018-03-15 11:43:48 +0000;40.737042;-73.986474;28.451660;25.000000;25.000000;2.052000;299.882812
2018-03-15 11:43:52 +0000;40.736947;-73.986535;30.112427;25.000000;25.000000;3.456000;202.500000
2018-03-15 11:43:57 +0000;40.736871;-73.986620;28.546753;30.000000;30.000000;4.536000;240.117188
2018-03-15 11:43:59 +0000;40.736838;-73.986734;28.485626;30.000000;30.000000;14.904000;248.554688
2018-03-15 11:44:01 +0000;40.736790;-73.986896;27.002014;30.000000;30.000000;14.904000;245.039062
2018-03-15 11:44:06 +0000;40.736818;-73.986928;27.536133;10.000000;10.000000;2.340000;49.570312
2018-03-15 11:44:17 +0000;40.736917;-73.986871;25.155243;54.366981;54.366981;3.852000;31.640625
2018-03-15 11:44:24 +0000;40.736938;-73.986749;31.825989;100.000000;100.000000;5.688000;101.601562
2018-03-15 11:44:31 +0000;40.736882;-73.986689;32.693939;50.000000;50.000000;2.484000;119.531250
2018-03-15 11:44:36 +0000;40.736792;-73.986650;32.669312;200.000000;200.000000;4.727099;-1.000000
2018-03-15 11:44:48 +0000;40.736673;-73.986550;32.661781;203.169183;203.169183;4.267802;-1.000000
2018-03-15 11:44:51 +0000;40.736668;-73.986600;32.138062;50.000000;50.000000;5.364000;148.007812
2018-03-15 11:44:55 +0000;40.736763;-73.986694;32.450500;50.000000;50.000000;0.792000;81.914062
2018-03-15 11:44:57 +0000;40.736804;-73.986720;31.937012;30.000000;30.000000;1.512000;43.593750
2018-03-15 11:45:04 +0000;40.736887;-73.986782;32.413757;50.000000;50.000000;2.196000;305.859375
2018-03-15 11:45:07 +0000;40.736920;-73.987220;32.662262;100.000000;100.000000;5.400000;279.492188
2018-03-15 11:45:08 +0000;40.736956;-73.986960;32.218109;31.970269;31.970269;3.852000;309.023438
